яркий дизайн притягивающий внимание по крайней мере это актуально для аппарата зелёного цвета;1
 удобный размер очень тонкие рамки вокруг  экрана делают смартфон меньше иных конкурентов с экраном ;1
 качество изготовления ничего не скрипит не люфтит  создается впечатление хорошего добротного аппарата;1
 аппаратные характеристики для столь маленького аппарата просто потрясающие любые игры фильмы с разными степенями сжатия хотя стоит упомянуть что лучше сразу поставить сторонний видеоплеер карты и другие  приложения работают без задержек торм;1
 экран p с матрицей ips судя по последним данным в следующей модели экран получит разрешение 1p что непременно скажется на времени автономной работы и скорости ведь на данный момент лично я считаю эти показатели главными козырями модели вкуп;1
 время автономной работы при моём сценарии использования около  часов игр в день постоянно работающие клиенты whatsapp почты с включенным g и режимом stamina получается около  суток работы без подзарядки;1
 принадлежность к топовой линейке здесь стоит пояснить что речь тут идет не о престиже модели а скорее о том что у многих моих знакомых да и у меня тоже наблюдались проблемы в работе смартфонов не относящихся к топовой линейке у sony тут можно;1
 цена здесь меня внезапно начала радовать тендеция к гигантомании которая привела к тому что компактные телефоны стоят дешевле;1
 камера при плохом освещении снимает хорошо не могу сравнить с топовыми решениями от samsung или apple но мне кажется что качество снимков на  из ;1
компактный размер емкая батарея высокая производительность не греется яркий экран gpsглонас 1 спутников индикатор пропущенных событий;1
топовые характеристики — единственный компактный флагман осени 1 на snapdragon 1 у меня антуту показал 1 что выше большинства современных аппаратов и на уровне флагманов этой осени хотя модель позиционируется как младший брат z;1
внешний вид — в черном цвете выглядит очень солидно пластиковые рамки не полупрозрачны в отличие от других цветов задняя стеклянная панель тоже смотрится стильно но при этом бьется см ниже ощущение в руках такое какое было когда только вышел;1
габариты — можно без проблем пользоваться одной рукой мужская рука среднего размера при точно таких же внешних размерах как и у предыдущей модели z1 compact диагональ экрана выросла с  до  дюйма и приблизилась к galaxy s и htc one m а это;1
большая батарея — смартфона хватает минимум на два дня а часто и на три и это без использования режима stamina в нем заблокированный смартфон вообще не ест батарею за счет остановки фоновых приложений;1
хорошая прошивка — за две недели использования лагов в ней не замечено в принципе бывает чуть подтормаживают отдельные сторонние виджеты но из коробки все очень шустро работает;1
отличная клавиатура от сони с предиктивным вводом хорошо адаптирована к русскому языку свайпом вообще теперь не пользуюсь;1
хорошая кастомизируемость прошивки по сравнению с хваленым стоковым андроидом с нексусов — очень многое можно настроить под себя к примеру — панель быстрых настроек кстати открывается тут она аж  способами в отличие от стокового андроида;1
камера хоть ее многие ругают но за счет мегапиксельного сенсора фото получаются очень четкими;1
для камеры есть отдельная хардварная кнопка с  уровнями нажатия как у нормальных фотоаппаратов за счет чего можно сделать фотографию за  секунды не дотрагиваясь до экрана вообще;1
адекватная цена в россии в ноябре можно найти по цене дешевле к;1
компактный корпус  очень удобно лежит в руке при этом экран вовсе не маленький для среднего размера рук просто идеальный;1
защита от воды и пыли по стандарту ip  можно спокойно с ним плавать мыть под краном и не бояться попасть с ним под дождь есть дырочка под веревочку на руку;1
хорошая светочувствительная камера  фотографирует реально неплохо даже при недостаточном освещении по крайней мере насколько я могу судить приложение камеры запускается быстро  шансы успеть сделать снимок остаются;1
съемка видео с высокой частотой slow motion или эффект замедления времени со звуком  после съемки можно выбрать какие участки видео должны быть замедлены;1
аппаратная кнопка камеры с полунажатием для фокусировки  просто незаменимая вещь при подводной съемке да и вообще очень удобно;1
долгое время работы от батареи  большой аккумулятор с компактным экраном дают о себе знать при очень активном использовании ltewifi геолокация синхронизация автоматическая яркость к концу дня остается гдето треть в запасе при умеренном хватае;1
в отличие от многих современных смартфонов можно поставить microsd флешку  очень полезно учитывая сколько занимают фотографии и видеозаписи всегда можно докупить флешку побольше если вдруг фотографии из отпуска заняли все место;1
динамики расположены спереди  звук направлен прямо на тебя после этого удивляешься как можно было раньше смотретьслушать чтото когда звук направлен кудато вбок или назад;1
работает быстро все летает ничего не тормозит;1
 батарея два дня с интернетом до  дней в режиме лежу немного смс штук  в день звонков минут 1 в день перед сном серф интернета минут ;1
дизайн размер корпуса и экрана качество материалов экран звук производительность батарея;1
классный дизайн шикарное железо;1
симпатичный сначала очень понравился игры работают с хорошей производительностью;1
мощный удобный это мой третий телефон от sony предыдущие работали по  лет менялись только потому что морально устаревали;1
заряд держит долго  минимум  дня а если только звонить  то  дня спокойно;1
 диагональ экрана  искал именно компактный;1
 стереодинамики;1
 автономность работы без энергосберегающего режима держится до  дней каждый по своему использует;1
 поддержка карт памяти;1
 хорошая камерано к видео не оч;1
 качество экрана раньше был htc one s;1
долго держит заряд при активном использовании моб интернет игры музыка видео – держит целый день;1
очень шустрый пользуюсь уже три года  никаких нареканий;1
хорошее звучание в наушниках;1
ос;1
качественный экран  носила с ключами мелочью кидала в сумку но никаких царапин не заметила но  см недостатки;1
очень хороший экран на ярком солнце остаётся хорошо читаемым;1
отличная камера;1
долго работает от батареи заряжаю раз в  дня разрядить смартфон за день мне не удавалось ни разу даже при самом интенсивном использовании;1
работает очень шустро за три месяца не припоминаю никаких тормозов гделибо не греется практически совсем в целом работает абсолютно стабильно;1
gps ловит спутники очень быстро обычно за пару секунд даже при полностью выключенном интернете;1
можно подключить специальные наушники с шумоподавлением  sony mdrnc1em очень полезно тем кто слушает музыку в метро;1
отличный звук через bluetooth есть поддержка aptx;1
можно включить экран двойным тапом;1
дизайн хороший камера не плохая;1
ничего после обнаружения недостатков;1
прекрасно сделанный сматрфон с отличным экраном батареей и софтом;1
внешний вид скорость влагозащищенность батарея эргономика;1
флагман  что тут еще сказать быстрый держит зарядку звук прочность;1
шустрый относительно небольшой долгоживущий приятен наощупь неплохая камера водонепроницаемый;1
шустрое железо отзывчивый экран поддержка micro sdкарт компактный лёгкий заряда при довольно активном использовании хватает больше чем на сутки приятный внешний вид пыле и влагозащищённость можно будить экран двойным тапом удобно проверять;1
красивый sony размер что надо без проблем пишет разговоры с линии;1
докзарядка чехол с допокном мощное ядро;1
отличный дизайн отличная автономность    часов работы экрана  этого хватает на весь день самого интенсивного использования встроенная оболочка от сони имеет все необходимые фишки которые любители голого андроида добиваются с помощью пр;1
 года в работе  никаких сбоев и глюков;1
не лопата  не люблю большие телефоны;1
флэшка на  заполнена на  а внутренняя память на ;1
1эргономика;1
водонепронецаемость;1
энергосбережение;1
камера;1
звук;1
удобный интерфейс;1
предустановленные медиапрограммы;1
 скорость и оптимизация;1
шустрый не смотря на просто ужасную сборку всё время работал быстро и исправно;1
отточенное по единственная причина по которой ещё можно любить sony;1
стабилизация камеры при съемке видео;1
устраивает практически все шустрый сообразительный удобно лежит в руке камера качество картинки звук правда не такой уж громкий долго держит заряд за год использования нареканий не появилось заряд по прежнему держит;1
 месяцев восторга маловато для такого бренда за такие деньги;1
отличный телефон;1
удобный быстрый красивый;1
можно отвечать на звонок просто поднеся телефон к уху;1
остальные плюсы можно почитать в других отзывах;1
дизайн звук камера батарейка экран;1
 отличный экран самую малость слабее большого z но запас яркости позволяет прожигать сетчатки глаз к чертям;1
 очень очень ;1
внешний вид не тормозит качество изображения камера;1
хорошие характеристики в таком маленьком корпусе;1
неплохая камера хороший приём хорошо смотрится;1
 безупречный внешний вид;1
 очень быстрая работа андройда не смотря на новый тормознутый ;1
единственный компакт на рынке если не нравятся огромные лопаты то альтернатив нет только сони делают мелкие телефоны дизайн красивый автономность очень хорошая особенно после перехода на  андроид удобная магнитная зарядка;1
дизайн габариты мощь экран  звук качество сборки время автономной работы;1
действительно хорошее железо неплохая для телефона камера герметичность корпуса нормальный не лопатообразный размер шикарный звук в наушниках и динамиках самого телефона;1
покупался на замену z1 так как последнего потерял до момента поломки радости не было предела;1
всем хорош очень шустрый отличный дизайн качественная связь;1
оптимальный размер для смарфона который в большинстве используется как телефон  удобно лежит в руке и можно работать одной рукой;1
 батарея в активном режиме спокойно хватает на  суток;1
 пылевлагозащита;1
быстрая работа без сбоев и глюков по;1
в сравнении с sony z1 compact больше экран тактильно это удобнее благодаря пластиковому каркасу вайфай ловит на порядок лучше чем z1 compact аккумулятор держит дольше где то полдня опять же сравниваю с sony z1 compact камера стала напорядок лучше;1
компактность при большом размере экрана сборка стильный и красивый дизайн экран звук отличное фотовидео спутники ловит мгновенно сеть и вайфай держит уверенно нагрева практически нет батарея она действительно резиновая;1
отличный телефон много функций и все они работают;1
отличная начинка приятный дизайн довольно большой экран в небольшом корпусе p разрешение считаю плюсом;1
хорошая камера много режимов съемки видео и настроек фото;1
достаточно громкий динамик;1
реально быстрый отличная камера долго держит батарейка;1
размер и толщина;1
 достаточно хорошая по меркам 1 года камера  режим к;1
 snapdragon 1 актуален и на 1 годесли не пользуе;1
на момент покупки начало октября 1 года при своих размерах он был лучшим по производительности не тормозит и хорошая батарея;1
размер устройстваего характеристики качество материалов удобно лежит в руке много примочек у камеры можно использовать в перчатках расширенные режимы энергосбережения;1
адекватный размер в отличие от большинства современных аппаратов удобно лежит в руке можно спокойно пользоваться одной рукой;1
батарея заряда хватает на два дня без всяких стамина режимов;1
производительность ничего не тормозит и не подвисает справляется с любыми задачами правда практически не использую телефон для игр;1
все работает очень быстр за пол года ни одного глюка;1
решил проверить водонепроницаемость помыл губкой с мылом промыл со всех сторно под краном все хорошо только звук при разговоре стал глухой и меня не плохо слышали посушил феном и все заработало как прежде;1
но вот сегодня я родился второй раз был в тайге делал солонец переходя по бревну разлившуюся таежную речку оступился и упал с него ушел под воду с головой за спиной рюкзак с кг соли меня затянуло под бревно как выбрался отдельная история;1
sony крут его водонепроницаемые способности под большим вопросом специально его мочить точно не следует особенно в воде с температурой ниже окружающей а это как правило всегда так но вот то что телефон неутопляемый оказалось приятным сюрпризом;1
кстати у меня еще есть древняя раскладушка самсунг года с  ее я стирал в стиральной машине с порошком тоже ничего ей не случилось пользуюсь ей до сих пор как вторым телефоном по работе;1
а sony z compact всем советую;1
экран яркий и красочный хоть и уходит цвет в синеву думал корректировать цветопередачу балансом белого но мне понравилось и менять не стал;1
аккумулятор держит отлично заряд день инета с несколькими часами ютуба отлично пережил;1
звук мне понравился но не сказал бы что супер супер это ухи  плеер за  к р;1
удобен в эксплуатации как держать в руках так и по по что я и люблю в сони удобно и разумно;1
по чуток добавлю для меня было важно что и музыка и видео сортируется по папкам а не по исполнителям или общей кучей;1
связь да же както интересно тариф у меня 1 мб в день но после окончания смотрел видео в ютубе с разрешением  и не тормозило все грузилось нормально на xperia m так не выходило либо не грузил либо 1 мин смотришь  ждешь;1
памяти мне оказалось даже много 11 доступных   гб  картой памяти мне хватило на все и это да же не по максимуму памяти 1 гб поддерживает;1
дизайн красивый и удобный в руке рамок почти нету пару миллиметров по бокам но иногда работая одной рукой случайно нажимаю не то что хотел дело привычки всего  дня мобильник мучаю;1
камера мне понравилась хорошо снимает для случайных снимков лучше и не нужна видео снимает супер если жалко денег на видеокамера точно пойдет;1
удобный размер приемлемая скорость работы цветопередача экрана близкая к ips мониторам в 1м найти хорошую цветопередачу очень трудно если не считать яблоки  время работы;1
хорошая камера для съемки в принципе все;1
дизайн качество материалов камера надёжность долговечность звук в наушниках софт;1
идеальные для меня размеры устройства мощное железо экран камера магнитная зарядка дизайн;1
компактный;1
хорошая цветопередача очень сочные цвета круто;1
приятный дизайн;1
относительно стойкий аккумулятор дня  работы в среднем;1
я и раньше пользовался телефоном на андройде который однако к прошлому году несколько устарел но я и не подозревал насколько сейчас всё ушло вперёд на этом телефоне отлично уживаются рядом друг с другом браузеры социальные сети месенджеры почт;1
дизайн автономность экран размер скорость работы качество записываемого видео;1
размер и мощная флагманская начинка идеальны не люблю лопаты в принципе удобно держать и пользоваться одной рукой идеальное соотношение видимой области  и размера телефона скорость работы безупречна экран отличный камера снимает здорово ос;1
этот телефон однозначный лидер сегодня и будущий фаворит продаж в этом формате среди всех брендов в мире на ближайшие полгода точно конкурентов просто нет реальных по совокупности параметров;1
тестировал батарею в режиме просто телефона без игр видео и серфинга в инете продержался три полных дня;1
тестировал работу телефона в режиме суперстамина  проработал 11 дней;1
качественный экран великолепное быстродействие;1
отличная камера в прямых руках и не только;1
качество сборкиувеличенный экран при тех же размерахчто и z1 compact и  меньшечем мой xperia v дизайнбыстродейсвиевозможность работы одной рукойзвук лучшечем на том же xperia vменя устраиваеттк слушаю в основном аудиокниги иногда немного му;1
все разумеется кроме недостатков;1
дизайн скорость размер навигация;1
стиль дизайн материал функциональность надежность;1
внешний вид и марка;1
сам телефон просто шикарный мне как студенту прекрасно подошел любую мощностную нагрузку выдерживает камера отличная мылся с ним под душем  одним словом сам телефон заслуживает ;1
скорость работы стереозвук удобный размер;1
ценакачество;1
компактный шустрый функциональный красивый флагман ведь;1
размер  удобно лежит в руке симпатичный внешний вид вполне приличная начинка особенно учитывая дату выхода влагозащита пока заглушки новые по крайней мере на качество связи не жалуюсь голос собеседника слышно хорошо стереодинамики;1
есть радио странно что некоторые производители от него отказались в работе в целом стабилен критичных глюков не было;1
звук в наушниках устраивает;1
умеет звонить и ходить в интернет;1
отличный телефон работает шустро не подвисает связь ловит отлично камера супер классно смотрится;1
премиальный дизайн;1
 мощная батарея  дня при умеренном использовании;1
 мощная начинка в зависаниях и тормозах за;1
дизайн большой дисплей относительно размеров аппарата быстрый мощный долго держит заряд;1
быстрый телефон яркий экранкачественная картинкакачественная съемка видео долгая живучесть на одном аккумуляторекомпактные габариты;1
размер дизайн скорость работы долго держит заряд;1
аккумулятор он действительно хорош  hd в совокупности с ма у меня лекго дают около  часов экрана при ковырянии в браузереконтактика;1
дизайн дисплей скорость работы батарея камера функциональность качество приема сигнала сети;1
неплохой аппарат;1
аккумулятор возможность использования магнитной зарядки;1
красивый чисто женский  достаточно компактен для женской руки быстрый функциональный нормальная продолжительность работы;1
даже если они и есть то они просто меркнут на фоне недостатков;1
экран на мой вкус вполне достаточен пятёрка уже многовато в руке телефон лежит неплохо;1
всегда нравилась компания sony телефон вроде не плохой и работает быстро и не виснет но качество сборки и материалов желают оставлять лучшее;1
наверно хороший аппарат;1
стиль дизайн скорость и плавность работы звук великолепное качество стереоfmприёма это не только телефон но и мегаплеер;1
телефон очень понравился  размер акк экран всё супер плавная работа меню фото получаются отличные если руки от туда от куда надо в руке лежит как влитой не скользит производительность на высоте чего и ожидалось от начинки данного аппарата;1
шустрыймощныйудобный;1
экран батарея дизайн оболочка xperia ui  работает без подлагиваний;1
хороший телефон для повседневного использования удобно лежит в руке только первые дни привыкал тк весь стеклянный;1
камера экран динамик производительность  все на уровне;1
один плюс качество звука в наушниках;1
дизайн железо водонепронецаемость долгий заряд аккумулятора ;1
в целом понятное устройство;1
очень нравится камера звук корпус телефона размеры экрана водонепроницаем купался в мореснимал видео под водой все отличнохороший и громкий звук;1
быстродействие камера дизайн;1
стильный компактный удобно лежит в руке большой выбор цветовой гаммы  надоели скучные белые и черные смартфоны по началу очень шустрый долго держал заряд  порядка двух дней без подзарядки куча доп функций у камеры и stamina;1
 динамика батарея компактный;1
батарея неплохо держит начинка хорошая;1
скорость работы мощность внешний вид акумулятор;1
не громоздкий легкий;1
хорошая камера;1
это реально совершенство на ладоне;1
по функционалу отлично;1
внешний вид;1
очень стильный лучший в мире смартфон;1
быстрый красивый  эффектный стильный ;1
системки  отличные характеристики;1
удобный шустрый симпатичный;1
в коментарий советую прочесть;1
дизайн размеры батарея допиленность и скорость интерфейса цветовая палитра корпус;1
размер;1
энергопотребление;1
широкие возможности из коробки по настройке;1
stamina;1
ultrastamina другая проша позволяющая девайсу на 1 закядки прожить еще    сутки правда функционал сводится к обычной звонилке;1
камера arэффекты и пр интересности;1
одни из лучших если не лучшие показатели производительности в различных тестах на практике за месяц использования ни одного глюка притормаживания о зависания не говорю даже;1
дисплей отличный если кто считает что в карманном девайсе нужен full hd мои глубочайшие соболезнования;1
вообще чувствуется что производители вложили душу очень понравилась например функция ответа на вызов только лишь прикладывание телефона к уху или например можно настроить что если поворачиваете телефон на месте от ориентация экрана меняется на;1
экран;1
относительная компактность;1
отдельная кнопка для камеры;1
эргономика батарейка функционал;1
была топовая модель из заявленного всё работает чтото лучше чтото хуже;1
быстродействие эргономика;1
шустрый удобно держать в руке красивый дизайн;1
характеристики впечатляют ничего не тормозит;1
 кнопка камеры сбоку очень немного телефонов имеют ее да и сама камера достойная для фото;1
 батарея мне хватало на 1 дня стабильно часто до двух дней;1
дизайн  производительность батарея долго держит;1
размеры идеальны качественный экран с нормальным размером заряд держит лучше аналогов ;1
производительный никаких тормозов замечено не было даже на  версии;1
хороший размер но на пределе удобного много оперативной памяти  не тормозит кнопка камеры сбоку позволяет не тыкать по экрану сейчас уже предлагает обновиться до android ;1
удобный и компактный телефонне лагал ни разу сколько я им пользовалсяотличная камеракрасивый дизайнудобно лежит в руке;1
камера;1
внешний вид;1
производительность;1
качество картинки;1
удобное меню хотя это андроида достоинство;1
красивый мятный  стекло с обеих сторон  громкий  яркий  очень шустрый  хорошо держит батарею;1
 камера снимки великолепные изза работы постоянно надо все фотофиксировать телефон справляется на ура;1
 дизайн купила мятный почему его называют зелены для девочки просто конфетка;1
 мощный было главной причиной покупки;1
не тормозит хотя уже не первой свежести хорошая камера для мыльниц железо внешний вид;1
sony;1
большой экран долгий заряд;1
батарею держит довольно прилично камера делает отличные снимки шустрый да  и все на этом;1
нет достоинств;1
флагман влагозащищенный красивый;1
компактный на  мм меньше во всех направлениях по сравнению с zr;1
флагманское железо хорошо держит заряд в настройках есть утилита для определения что его жрёт аппаратная кнопка камеры;1
много функций довольно быстрый хорошо работает интернет;1
размер;1
дизайн;1
красивый внешний вид звук;1
отличная камера хорошо держит зарядку быстро работает;1
дизайн очень шустрый даже при большом количестве работающих приложений не глючит и не вылетает отличная батарея особенно при включенной стамине при не особо активном использовании у меня продержался  дня удобный интерфейс водозащита правда о;1
сказано очень много хорошего присоединяюсь;1
про достоинства написали уже много повторяться не буду;1
качественный экран аккумулятор отлично держит заряд заряд у меня живет 1 суток это целый день wifi  час на yotub звук на звонке не громкий проигрывает музыку гораздо громче качество хорошее;1
памяти телефона 11 гб доступных;1
дизайн красивый и удобный в руке рамок почти нету удобно управлять одной рукой;1
аккумулятор действительно держит  дня в лёгкую при достаточно большой нагрузке стерео динамикидизайн габариты мощь экран аппарат быстрыйединственный компактный флагман осени 1 на snapdragon 1 влагозащищенность;1
отличный экран дизайн время работы за два месяца не заметил ни одного подтормаживанияв целом очень хороший аппарат покупал его на замену айфону s нисколько не пожалел;1
по сравнению с z1;1
батарейки хватает более чем на день при активном использовании;1
хороший экран но у конкурентов даже в двое дешевле стоящих  лучше;1
лучше звук динамики громче стерео и направлены в сторону пользователя;1
активное шумоподавление при наличии специальных наушников;1
не лопата при не сильно то меньшем экране;1
меньше греется;1
индикаторный светодиод наглядней;1
быстрее работает хотя казалось куда уж быстрей;1
кнопка включения побольше;1
есть разлочка двойным тапом но нет knock code как в lg;1
камера работает быстрее;1
режим ультрасбережения при котором он превращается в простой телефон;1
экранвлагозащитазвукпроизводительностьбатарея;1
красивый внешний вид время работы аккамулятора производительность камера;1
не лопата;1
достаточно шустрый;1
долго держит заряд;1
быстрый красивый аккумулятор хороший;1
для нелюбителей яблок xperia наверное самый стильный телефон шустрый звук хороший камера по циферкам вроде впечатляет но по качеству никогда не поверил бы что мпнаверное все;1
звучание музыки при просмотре видео на ;1
четкость насыщенность яркость изображения на ;1
красивый стильный;1
очень хороший дизаину меня красныйакамуллятора хватает на 1 день и вечер зарежаеться очень пречем очень сильно;1
долго держит батарею отличная камера и экран яркий и насыщенный  компактность и мега скорость работы;1
тонкий удобный;1
очень быстрый большая батарея лёгкий lteg;1
привлекательный дизайн компактность режим экономии аккумулятора;1
хороший дисплей большие углы обзора;1
быстро работает процессор мощный;1
приятно использовать достойная водозащита;1
камераскорость работыбатареяобновления;1
компактный размер;1
высокая производительность;1
экранразмерзаряд держит просто отличнопри среднеактивном использовании держит аккумулятор часов 1айфон у меня разряжался за пару часов и я тоскала собой аккумулятортак же удобен в использовании;1
размер;1
пользуюсь телефоном  месяца за это время было не мало приключений с ним;1
например он упал в речку пролежал там около 1 секунд достал все работает идеально;1
так же упал на дорогу и по нему проехала машиналопнуло лишь заднее стекло которое стоит р;1
начинка полностью устраивает да еще и с каждым обновлением телефон становится все шустрее и шустрее;1
нет;1
дизайн батарея камера удобство в использовании размеры;1
дизайн размер экран быстродействие батарея;1
компактный шустрый достойная не идеальная камера по мне так отличный дисплей;1
большой экран хорошая зарядка;1
маленький шустрый большего сия поделка не заслуживает;1
 стабильная работа по;1
 батарея;1
 хороший яркий экран;1
удобный не скользит в руке мощный хороший экран  яркий чёткий хорошая цветопередача не пачкается очень прикольно на свету просвечивают светодиоды подсветки камера;1
удобная для одной рукиофигенно долго работает от аккумулятораналичиеиэнергосберегающих программотличная камерахорошие материалы и дизайн;1
качество сборки;1
работоспособность;1
дизайн;1
внешний вид камера;1
размер железо батарейка;1
стильный внешний вид компактный удобно лежит в руке высокое разрешение экрана относительно неплохая камера;1
компактный дизайн отличный экран заряд батареи;1
отличный телефон очень радует камера фото и видео просто супер действительно очень хорошо держит зарядку не глючит все приложения открываются очень быстро у меня черный  красивый стильный  не нарадуюсь ;1
мне скорее проще перечислить недостатки чем его достоинства потому как телефон  одно большое достоинство поэтому я мягко говоря удивлена не очень хорошими отзывами со стороны остальных возможно что просто попалась бракованная модель;1
быстр компактен удобен  производителей;1
навигатор плеер фотоаппарат в одном корпусе и очень высокого качества;1
аккумулятор размер навигация камеракачество сборки защищенность от воды дизайн;1
всё летает не тормозит кнопка для фото с двойным нажатием очень удобна долго держит заряд;1
аккумулятор быстродействие;1
компактный хорошо держит заряд;1
неплохой смартфон в компактном корпусе для тех кому не нравятся огромные размеры современных телефонов и для тех кому нужна начинка помощнее этот телефон придётся по вкусу;1
достоинства;1
 приятный на мой взгляд дизайн с отличными цветовыми решениями;1
 мощное железо;1
  года гарантии при покупке в соответствующих магазинах но не во всех;1
 достаточно неплохой по объёму аккумулятор;1
быстрый хороший сервис картинка защита от воды;1
долго держал заряд удобный в руке шустренький;1
наличие магнитной зарядки неплохая начинка по производительности очень быстрая зарядка;1
характеристики цена;1
характеристики качество сборки дисплей батарея;1
батарейкакамераэкран процессорсканер отпечатка пальца вообщем все круто;1
батарейка цена;1
аккумулятор интерфейс;1
супер телефон;1
цена быстродействие металлический корпус и качество сборки симпатичный дизайн почти не остаются отпечатки на экране батарея при средней нагрузке   дня сканер отпечатка быстрый почти без сбоев сравнивать не с чем но нареканий нет икпо;1
производительность  качество сборки full hd;1
цена качество дизайн возможности этого аппарата;1
цена;1
железо;1
батарея;1
экран;1
внешний вид;1
соотношение ценакачество железо отличное внешний вид в целом хорош у меня белый цвет правда есть один недостаток но он при желании лечится батарея держит прикольная камера которая умеет определять возраст достаточно точно как фишка уд;1
дизайн супер размер экрана  дюймов очень удобен gps lte  на отлично удобная система miui с кучей полезных фишек глобальная прошивка относительно дешевый;1
шустрый карта памяти;1
дизайн начинка камера быстрый не тормозит батарею  дней держит;1
внешний видудобный интерфейсхорошая камера;1
цена корпус батарея;1
аккумулятор как навигатор хороший;1
цена;1
не лагает графика хорошая;1
батарейка памятьценаикпорт разблокировка отпечатка пальцем;1
цена экран батарея скорость дизайн;1
отличный телефон за разумные деньги все соответствует описанию работает отлично;1
камера быстродействие тактильные ощущения качество;1
автономность wifiмобильныйжпс всегда включены десяток невыгружаемых программ висят в памяти соцсети месенждеры и тд;1
смело хватает на  дня;1
дизайн  грани великолепные  в меру тяжелый d стекло выглядит посерьезному;1
покупал еще в декабре за 1 сейчас дороже;1
цены смотрю и сравниваю на green sell info;1
1отличный смартфон за свои деньги покупал за 1т;1
быстро заряжается аккумулятор 1 часа  за  минут;1
смартфон работает шустро  отпечаток пальца яркость экрана отличная;1
качество блестящие для такого ценника скорость и удобство качество сборки и материалов очень высокое до этого было много каких смартфонов и планшетов  этот китаюся ломает все шаблоны;1
качественная сборка высокая мощность вечный аккумулятор;1
ценакачество на твёрдую пятёрку хорошо ловит сеть батарейки хватает на  дня достойная производительность;1
изящный мощный красивый очень производительный батареи хватает надолго;1
аккумулятор производительность оболочка miui отличные wifi и gps дисплей дизайн и d стекло;1
батарея железо;1
чипсет qualcomm snapdragon  – первый в своей линейке построенный по техпроцессу 1 нм;1
adreno  fhd1p;1
 мач;1
считывание отпечатка пальца всегда быс;1
отличный внешний вид весьма приличные технические характеристики естественно  сочетание качества и цены;1
дизайн качество изготовления металлический корпус экран супер технические характеристики железа на очень высоком уровне невысокая цена;1
скидка в магазине по цене;1
аккумулятор быстродействие экран эргономичность;1
хорошо держит заряд;1
я не знаю как у кого но в характеристике телефона написано wifi 11n это  частота но у меня берет и ac g то есть abgn\ac проверял на двух роутерах из 1мб мб выдал ну очень приятно брал на али держит двое суток если сильно не гонять;1
батарея производительность экран внешний вид цена;1
экранпроизводительность от части камера;1
на стоковой прошивке  нравится оболочка подios не адепт iphone но уведомляшки на иконках нотификации отсутствие меню приложений когда они все на экранах  это нравится нравится большой экран интернет летает что на wifi что на lte батар;1
аппарат неплохой производительность память время работы чувствительность  все устраивает;1
удобен в использовании гб хватает за глаза можно вставить доп флешку сеть ловит стабильно нареканий к гпс вифи антене  нету дёшев свою твердую  заслужил;1
автономностьпроцессорда весь аппарат за свои деньги;1
производительность;1
к батареи  хватает на пару дней;1
гига оперативы и ни единого лага за 1года использования;1
в целом шикарный аппарат;1
очень шустрыйтачскрин без тормозов все плавно аккумулятор мощнее заметнодля тех кого интересует скорость интернета то специально для вас замерял в билайн москва пинг   прием  мб отдача  мбэто просто космос на meizu m note было прием;1
быстродействие наличие светового индикатора пропущенных вызовов глобальная прошивка с русским языком отличный емкий аккумулятор  реально очень хорош никакого китайского хлама в приложениях четкая слышимость во время разговора никаких намеков на;1
цена размер производительность батарея живучесть;1
больше года всё супер даже батарея ещё не чего скоро miui  выходит;1
нравится все кроме камеры и прошивки;1
отличный дизайн;1
отличная батарея те не делается упор на то что телефон живет  дня и он не живет просто такая батарея должна быть по дефолту;1
хороший экран;1
остальное не то чтобы очень запомнились но в целом не хотелось выкинуть;1
шустрый телефон с длительным временем без подзарядки;1
1 ценаценацена;1
 батарейка;1
 процессор;1
 корпус;1
 андроид;1
пользуюсь им  годакамера отличная  ночнаясъёмка фокусировка и тд память очищала один раз  фотки мне в полное хватает пользуюсь многими приложениями  фоторедакоры вацап вайбервкок и тп ещё до сих пор многое в нем неизучила и не испол;1
недорогой и начинка хорошая акб держит очень достойно навигация gps без глюков ловит спутники очень хорошо и быстро экран замечательный игры летают связь ловит отлично две сим;1
соотношение деньгикачествоначинка;1
мощный за свою цену с али нормальный экран не самый старый андроид   громкий динамик качество сборки;1
функционал скорость работы;1
звук автономность объем озу икпередатчик;1
цена экран производительность и многое другое;1
нет проблем со звуком хорошо идут игры осталось только найти интересные;1
хорошая батарея  дня примерно нормальный звук при разговоре фильмы смотрю в высоком качестве  никаких проблем;1
цена;1
корпус   месяц как новый протектор на экране   чехолкнижка;1
1цена;1
мощный процессор который не знает троттлинг;1
оптимизированная прошивка;1
экран;1
аккумулятор;1
сканер отпечатков;1
отлично работают сети wifi gg bluetooth;1
материалы корпуса;1
ик порт телефон можно использовать вместо пульта от почти любого устройства к которому вообще есть пульт;1
красивый стильный есть выбор цветов корпуса функционал долгая батарея у меня получается держит день но день полный прошлый старый lg g mini держал полдня в видео обзорах говорят что он даже  дня может но хоть я и не шибко много пользуюсь м;1
цена быстродействиеакбдешевые запчасти надежность корпусасетьgзвук в наушниках вообще удивил фирменная оболочка miui;1
мощность  экран софт поддержка lte поддержка lteaсканер отпечатка батарея вес gpsоч быстрый звук дизайник порт;1
редко появляются такие устройства которыми действительно приятно пользоваться во всех отношениях и так достоинства;1
1 алюминиевый корпус весьма прочный тонкий с закругленными краями;1
 стекло corning gorilla glass с шикарным олеофобным покрытием пальцы скользят как по льду;1
 сам экран просто отличный ips матрица обеспечивает хорошие углы обзора яркие и сочные цвета;1
 динамик да он действительно хорош громкий не писклявый качественный;1
камера она здесь хорошая при хорошем свете получаются отличные снимки при установке сторонней камеры снимает видео в к разрешении очень неплохого качества звук с микрофонов стерео качество тоже отличное фронтальная камера так же хорошего качес;1
 производительность телефон действительно можно сравнить с iphone по плавности все работает четко и плавно никаких подлагиваний тупняков и зависаний любые игры на март 1 года идут на ультрах с фпс ;1
 батарея после asus zenfone  сложно поверить что при включенный wifi mi band  по bluetooth gps g максимальной яркости постоянно включенных соц сетях вк viber mi fit прослушиванием музыки телефон может жить  дня на asus при всем желан;1
 качество связи и голоса оно так же отличное телефон ловит везде и всегда поддерживает volte и я и меня всегда слышно хорошо;1
 операционка miui на нее я без труда перестроился в первый день имеет кучу настроек и возможностей которых нет в других оболочках;1
1 сканер отпечатка пальца очень удобный и быстрый способ разблокировки работает безотказно можно ставить на вход различных приложений типа сбербанка вк и тд;1
11 ик порт можно управлять практически всех техникой и везде переключать тв в кафе делать кондиционер под себя на работе и еще кучу полезного в одном устройстве;1
цена батарейка экран ик порт скорость работы сканер отпечатка работает отлично;1
замечательный аппаратмощный аккумулятор отзывчивый экран интуитивно понятные алгоритмы работы;1
внешний вид мощный аккумулятор производительность;1
батарея камера экран динамик проц;1
очень хорошая батарея яркий экран справляеться с любыми приложениями и нагрузками;1
шустрый процессор экран батарейка;1
телефон мега крут;1
безотказная работа;1
качество сборки отличное железо более чем  на каждый день батарея емкая экран отличный как с играми  не знаю купил модель gb погуглил и поставил  симки и флешку теперь и две симки работает и флешка;1
дополнительный плюс стал высвечивает фото звонящего остальные  все плюсы;1
мощный процессор  игры тянет на ура  при этом не сильно греется  большая батарея при активном использовании в течении суток  ближе к ночи остаётся   хорошая камера и дисплей  громкий динамик  не смотря на большой аккумулятор телефон заряжаетс;1
оболочка miui  оперативная память экран  довольно шустрый;1
телефон  бомба супер производительность за такую цену хороший экран и приятный интерфейс miui еще ни разу полностью не разрядился;1
отличный телефон  очень долго работает на аккумуляторе  заряжать через день  хотя и пользуюсь постоянно отличная камера  снимаю детей снимки очень красивые и качественные получаются полностью доволен выбором;1
телефон очень радует;1
производительность экран;1
телефон на высоте;1
приобрел после сони арк sдолго держит батареюдоходило до  днейхороший дисплэйсканер отпечаткачто очень удобнона этом всётеперь о плохом;1
1индикатор звонков смсзарядкиможно самому ставить цвета;1
нет гугл навязонного;1
можно темы ставитьа так же шрифты и клаву;1
подсветка сенсорных клавиш;1
лучший телефон за эти деньги;1
телефон отличный;1
шустрый хороший экран сканер отпечатка работающий даже с выключенным экраном;1
ценакачество в  раза больше чем у любого другого смартфона при цене в 1 тыс мы получаем железо и функционал сравнимый с телефонами за  тыс рублей;1
самый лучший телефон за эти деньги соответствует цена качество;1
батареяпроцессорметаллический корпус;1
пользуюсь полгода заряд держит два дня камера снимает хорошо звук с хорошими ушами нормальный;1
корпус алюминий  экран батарея  качество сборки  процессор цена и тд;1
быстродействие наличие дополнительного софта от xiaomi экран батарея;1
использую аппарат с начала апреля;1
достоинства;1
 прочность на выходных телефон случайно выпал из кармана брюк  точно под заднее колесо субару трибека и машина по нему проехалась итог  помялась задняя крышка много мелких вмятин от камушкев и все  остальное все работает как работало  все ф;1
камера радио долгоживучесть цена;1
производительность внешний вид качество сборки толщина цена;1
1быстродействие снэп   андрено 1 творят чудеса;1
 аккумулятор несмотря на активное использование lte в течении дня;1
ни разу аппарат не удалось довести до 1   энергоэфективный проц и шикарная батарейка дают превосходный результат  1 дня с  до 1 почта соц сети;1
онлайн видео браузер и тд единственный раз проверил разряд в играх так особо не играюсь   танки сожрали   за 1 ч  м;1
 полное отсутствие тротлинга в играх тянет все на максимуме и без лагов  сетку держит превосходно за счет числа поддерживаемых диапазонов;1
 основная камера 1 мп при хорошем освещении  способна приятно удивить;1
 звук  четкий чистый насыщенный до уровня htc еще не дотягивает  но совсем немного;1
 наконецто стояла из коробки нормальная локализованная версия miui;1
по воздуху обновляется;1
 радиооно есть и работает без подключенных наушников;1
 экран один из лучших что видел совершенно не понимаю как его засунули в бюджетную модель тач быстрый и четкий;1
пришло время купить аппарат  денег  не много  было  купил этого китайца  на алисе переживал  но не долго  летел 1 дней  из них  дня с москвы в питер   теперь к главному  от телефона за такие деньгибрал за 1  я в восторге  и;1
дисплейпроизводительностьавтономность;1
1 цена;1
 производительность;1
 miui часто обновляется;1
 дизайн;1
 хорошо работающий сканер отпечатка пальцев;1
 батарея после эпла это просто божественно;1
быстрыйниче не логаетвсе;1
летаетбатарею держит до вечера при моем постоянном юзании и при этом включено все все и блютус и g;1
всё ест шустрый недорогой прошивка великолепная сам обновляется никаких зависаний багов и глюков сканер отпечатка пальца мгновенный;1
быстрый легкий тонкий большая батарея отличный экран точный и быстрый gps;1
отличный сбалансированный девайс не тормозит игрушки тянет на ура  неплохая камера и хороший дисплей отличная автономка около х дней;1
хороший телефон отличное соотношение ценакачество;1
для ти дюймового экрана батарею держит хорошо на день вполне хватает;1
улучшение звука mi  настройка эквалайзера  выбор типа наушников в совокупности дают отличный звук правда внешний динамик так себе не для меломанов;1
все отлично;1
связь дисплей батарея  мач звук в наушниках световой индикатор настраиваемый сканер отпечатка пальцев в удобном месте многозадачность быстрота miui удобство и ощущение что сделано для человека поддержка громкость динамика вспышка обе;1
отличный телефон приятно удивлен сяоми работает стабильно и плавно аккум держит пару дней уверенно с синхронизацией и прочими функциями;1
батарея камера и быстрота работы;1
дизайн качество сборки и самое главное  батарея удобный интерфейс все очень быстро работает  ни разу не наблюдал никаких лагов;1
мощность miui  цена батарейкаэкран внешний вид две симки скорость g яркий фонарик;1
батарея скорость работы качество связи;1
1 батарея до х полных дней вытягивает;1
 есть всё включая fmрадио и irdaпульт для управления техникой;1
 очень приличные материалы и сборка для такой цены особенно;1
 очень быстрый и стабильный сканер отпечатка;1
 достаточно мощное железо лагов и тормозов нет перегрева тоже не замечено;1
наконец китайский телефон стал качественным;1
 отличный дисплей;1
 нормальный otg позволяет даже под;1
все супер;1
цена miui официальная поддержка русского языка быстрый сканер пальцев  sim | 1 sim  microsd gb\gb;1
все хорошо летает;1
работает отлично  проблем нет быстродействие  всё летает;1
1 есть аутентификация по отпечатку пальца;1
 й слот sim пригодился в заграничных поездках;1
 android  был актуален в момент покупки но уже устарел;1
 аккумулятора хватает на длинный день интернетсёрфинга;1
внешний вид  корпус выглядит очень стильно и круто не скрипит пластик приятный кнопки на корпусе удобные и функциональные;1
экран  яркий сочный по поводу царапин не знаю плёнку не снимал;1
камера  в помещении снимает хорошо без вспышки на улице не пробовал;1
батарея  долго не мучал но за  часа использования утекло всего ;1
ничего;1
цена  батарея супер;1
мощный цена ;1
шикарный агрегат все кроме описанного мною в недостатках можно отнести к достоинствам;1
большой экран аккумулятор  мач камера на уровне две симки справляется со всеми играми и приложениями;1
про него уже много писали поэтому отмечу то чего не заметила в других отзывах;1
1телефон может работать в автономном режиме те без симки все приложения не требующие сети при этом запускаются радио плеер игры и тд;1
 ктото отмечал что gps работает только по симкарте  так вот если с вынутой симкой подключить вайфай то все работает  и местоположение определяется и маршрут и тд правда карты для оффлайн работы грузить пока не пробовали;1
 дизайн порадовал корпус твердый все хорошо подогнано корпус не маркий;1
 очень хороший четкий звук звонкий;1
 запись видео в формате mp есть разрешение х;1
 качественное радио причем есть функция записи;1
возможность просмотра офисных файлов pdf doc xls всетаки может пригодиться;1
 начинка телефона хорошо продумана есть даже много лишнего;1
 функциональность телефона мало чем уступает смартфонам и при этом нет их типичных глюков и зависаний;1
1 батарея долгоиграющая относительно быстро садится за  дня только при включенном вайфае;1
хорошая камера;1
много нужного софта;1
отличный экран;1
не глючит не тормозит и еще много чего;1
1 весьма качественный корпус ничего не скрипит и не прожимается;1
 экран это то что надо для повседневной жизни вразумительное управление пальцем на солнце конечно слепнет но можно найти угол под которым все видно тем более меню крупное и контрастное;1
 управление очень простое и удобное после этого виндмобаил хочется отправить в мусорное ведро;1
 из программ поставил miniopera нашел версию без виртуальных кнопок она лучше встроенного браузера вместо встроенного мессенджера поставил samidgin это удобнее встроенного utalk в качестве читалки поставил foliant очень удобно;1
 ребята тут есть wifi  этим много сказано;1
 есть тут и типа навигатор gps правда работает он с подгрузкой карт через интернет для решения проблемыгде это я и как добраться до метро с этой задачей он замечательно справляется и если пользоваться этой функцией время от времени то мер;1
 плеер  тут вполне удобный плеер с неплохим звуком для портативного устройства и нормальными вакуумными наушниками тут даже басы есть ;1
я элементарно переконвертировал видео и закунул парочку фильмов воспроизводится замечательно без распадения на кубики и рывков правда изображение немного растянуто брал разрешение х с помощью официально бесплатной программы any video convert;1
соотношение ценафункционал наверное на годдва опережает любого конкурента;1
вполне достойный gps;1
wifi;1
отличный экран и сенсор как на iphone работает только от касания пальцем но зато очень чутко;1
вибрационная обратная связь при нажатии;1
неплохие штатные наушники и стандартный разъем под них;1
стандартный разъем microusb;1
богатый штатный софт аська есть в utalk куча виджетов синхронизация с outlook словарь поиск названия трека записанного с микрофона упрощенная работа с сервисами google facebook myspace и много чего еще;1
а с помощью java можно немыслимо расширить функционал;1
экран стойкий к царапинам бывал и с ключами в одном кармане и падал на кафель но ни одной царапины есть штатная защитная пленка с ней работает нормально но она не нужна да и видок сразу не тот;1
неплохая модель для людей которым просто нужно тупо позвонить или отправить смс простой в использовании незнаю у кого люди покупают ну у меня он  года неразу не лаганул вобще незнал проблем;1
1 качество исполнения всё очень хорошо подогнано за  года не появилось никаких люфтов и крупных царапин экран несмотря на то что использую его без защитной плёнки не имеет даже маленьких царапин  а это огромнейший плюс;1
 удобная операционная система и функционал несмотря на пару минусов касательно неё в графе недостатки можно сказать что всё на своих местах все функции действительно полезны чтобы чтото найти найти не нужно долго копаться также хочет;1
 долгоиграющий аккумулятор  уже прошло  года а заряжаю телефон всего лишь раз в  дня если совсем не использовать то хватает чуть больше чем на неделю;1
 стильный дизайн а также удобство телефон очень удобно держать одной рукой лицевая сторона выглядит посвоему красиво в выдержаннострогом скажем так стиле;1
1 стильная внешность  тонкий  в руке лежит как влитой  яркий и контрастный экран wqvga  вакуумные наушники в комплекте орут громко  быстрый и отзывчивый сенсор  батареи хватает на  дней при разумном использовании  приятный обновленный и;1
 качественный дисплей чувствительный сенсор;1
 динамики как разговорный так и основной звук довольно громкий что не может не радовать;1
имя;1
1 невысокая цена за хороший функционал;1
 хороший сенсорный дисплей отсутствие тормозов;1
 возможность сворачивать яву при нажатии пары нужных кнопок не ставится на паузу;1
 долгоиграющая батарейка;1
 отличное качество сборки ничего не скрипит;1
чет так много всего уже написали тут что ничего и не осталось не сказать то можно много прост повторяться придёться ;1
самое для меня главное  это то что;1
1 он красавчик;1
 удобен;1
 сенсор емкосной те как на яблоке срабатывание от прикосновения только подушечкой пальца;1
 для меня главное требование вай фай и сенсор остальное приложение к тел но все остальные его примочки приятны естест;1
 я доволен как слон до него был коммуникатор запарил до чертиков устал от кучи хлама на нем от винмобаил и тд;1
ps я удовлетворен своим выбором на  баллов по 1ти бальной шкале;1
камера хорошаяоченьтач не тормозита то что без стилусаничеговсе очень хорошо работаетдизайн приятно удивилне обычный стандартный квадратпрямоугольникбатарея очень хорошаязвук улетныйа плюс вакуумные наушникиотличноплюс еще множество полезн;1
красивый ;1
нет ну а если честно удобный  удобно лежит в руке удобноуправляемый понятный интерфейс порадовала функция перестановки ярлыков в меню установила опера мини летает качество фото и видео приемлемо мне во всяком случае хватает с головой ц;1
почитал отзывыне удобный экранзамерзает;1
у нас в сибири  нармально работаетне хотите или не умеете пользоваться пальцами купите с резистивным дисплеем;1
красивый дизайн хорошая камера хороший и громкий динамик есть еще много хороших функций просто сейчас лень писать;1
качество сборки и материалов на ;1
звук динамиков ;1
звук гарнитуры  качество вполне на уровне не то что лежит в пакетиках у нокии;1
экран можно было и почетче;1
вибро на хорошем уровне;1
меню красивое логичное функциональное;1
аккумулятор живуч сравниваю с i11;1
это лучшее по функциям и цене;1
даже gps можно настроить offline;1
от телефона в восторгецена великолепная для его функциональности и размеров глюки обнаружены не быликамера  делает неплохие снимки плеер  на высотесравнительно громкий и качественныйработают обычные наушники  радио  обалденноегромкоека;1
как сказано выше эта модель великолепна для пользователей соц сетейесть все для связи gprs\wifi\gsmкачество фотографий великолепноеда и видио снимает не плохохороший фото редактормб собственной памятиочень хорошая модель;1
супер телефон очень порадовал очень много функций можно смотреть видео через инет удобно работать с интернет сообществами сенсор работает отлично gps то же хорош на улице определяет местоположение без погрешностей все достоинства перечислять не;1
samsung как всегда порадовалс телефоном хожу месяц и с каждым днем все больше и больше рад что купил его;1
если говорить о дизайнето достойных конкурентов у s нету конкурентов телефоны мало отличаются друг от друга по дизайнуи если выходит новая модельто она становитсяеще одной черной модельюmonte же имеет яркий и футуристичный дизайнсглаженные к;1
тело класс ваще почему;1
1 любителям асек агентов опер и всякой разной фигни можно вздохнуть свободно всё пашет летает и качает;1
 без тормозов нажал кнопку получил;1
 множество разных функций и удобств айфон идет на юг;1
 очень важно комп видит тело как дисковый накопитель это значительный плюс;1
 большой яркий дисплей;1
 в случае потери сети быстро её находит там где она появилась типа метро и так далее;1
 зарядка от зарядки и от компа это плююююююс;1
 громкий динамик;1
 очень громкий динамик;1
остальные достоинства каждый найдет для себя;1
1 емкостный дисплейкасаться а не жать;1
 внешний динамик звук громкий четкий;1
 быстрый wifi;1
 наличие gps главное правильно настроить;1
 камера мне понравилась возможность снимать панорамы лица распознает на совесть;1
 всякие виджеты;1
 samsung fun хотя это не очень плюс;1
 microsd до 1 гб свободно;1
 батарея  дня с вай фай и музыкой;1
звук есть wifi правда ни как не разбирусь как пользоваться качество изображения сенсор на пальцы круто реагирует тугая крышка слот для карты и симка не под батареей качество камеры нормальное не знаю почему людям не нравится просто поставь;1
стильный дизайн  в руке лежит как родной сенсер не глючит при том что никогда не умела с ним обращаться как будто сто лет пользуюсь хотя он у меня четвёртый день звук отличный  фотки очень чёткие получаются не хуже чем с фотоаппарата;1
1цена  качество за такие деньги лучше не найти есть все что необходимо в повседневной жизни;1
wifi  главное достоинство;1
очень удобен в управлении;1
крепкий корпус;1
отдельные слоты для симки и карты памяти;1
вход для наушников ;1
мощный процессор яркий экран громкий динамик стандартный вход на наушники gps настраивается и работает без интернета интуитивно понятное меню мягкий нетупящий сенсор шустро работает карта памяти на 1 гб всех не перечесть;1
1 порадовал сенсор  сначала думал что без стилуса жезнь  не жизнь атеперь привык и пользуюсь всеми приложениями используя свои родные пальцы;1
время работы меня вполне устраивает  целый день на полную катушку  и хватает на 1 дня;1
 для меня очень важно наличие разъема мм под наушники;1
wifiкачественный сенсорный экраночень отзывчивый сенсорможно слегка касаясь нажиматьдовольно громкийкачественная гарнитура в комплектеиестественно ценанеприсущая  для аппаратов такого класса;1
экран откликается на любое прикосновение и в отличии от стилусных телефонов точность касания пальцем очень высокая поэтому в некоторых приложения я свободно пользуюсь квертиклавой реагирует быстро не тормозит звук и в динамике и в наушниках отличн;1
хороший телефонтем более за эти деньгифункций достаточноесли надо больше то уже надо смартфонпользуюсь полгодане подводил не зависаетне глючити главное несколько раз падал хорошо таки тьфу тьфу все в порядке;1
дизайн хороший удобно лежит в руке всех достоинств не перечесть камера отличная кому не нравиться тот тупо придирается;1
сенсор отзывчивый лучше чем у стар;1
задняя панелька не заляпывается хотя и глянцевая;1
много виджетов очень удобных;1
звук громкий из сумки слышно оч хорошо;1
качала на телефон книги и читать оч удобно;1
докупили вайфай на комп и теперь в инете с тела бесплатно сижу;1
удобно блин   рабочих стола;1
короче достоинств не перечесть;1
берите и не пожалеете;1
телефон имеет очень много приятных функций батарейка долго держит можно посмотреть всё историю по каждому абоненту  когда звонил что ему писал;1
лично мне понравилось;1
1 приятная обратная связь вибрирует при нажатии клавиш чувствуешь что нажал кнопку;1
 сенсор операционка не думаю что удобно пользоваться стилусом только время отнимает на достать разложить другое дело пальцы всегда под рукой меню выполнено так что не разу не подумал о стилусе кнопки большие экран яркий чёткий с б;1
 возможность отправления сообщения о смене симки то есть если телефон плохо лежал и вдруг попал в чужие руки то при первом же включении с чужой симкой онтелефон на заданные номера отправит смс с заданным текстом и imeil идентификатором телефон;1
 будильник функция которой пользуюсь каждое утро первое что я слышу открыв глаза штука удобная со множеством гибких настроек до этого правда были древний sonyericson nokia siemens ;1
 чёрный список выбранных абонентов при звонке просто сбрасывает хотелось бы конечно чтобы сказали абонент не отвечает и всё такое но пусть так;1
 ложный вызов записываешь голос заранее нужно тебе например с совещания сбежать с пары или от разговора увельнуть активизируешь кнопкой громкости таймер и по истечению некоторого времени тебе звонит кто бы вы думали звонит ты   гово;1
достоинств много о них уже много сказано но все же стоит отметить стильный дизайн хороший функционал и приемлемую цену да еще он умеет открывать но не редактировать документы doc exl pdf что тоже приятно радует;1
1 wifi  очень даже удобно  думал фгня  но нет ;1
 громкие динамики;1
 три рабочих стола;1
 куча стандартных виджэтов  можно загрузить ещё;1
 gps  ловит хорошо;1
 социальные сети  и не надо закачивать ;1
 камера  не знаю почему некоторые пишут что фигня  очень даж нормальная ;1
 экран чёткий и чувствительный;1
 дизайн клёвый  у меня чёрноорнжевый ;1
1 есть стандартный бесплатный и гланое большой словарь ;1
сам телефон и есть достоинство конечно с мелкими недостатками но для меня они не значительны думал что без стилуса будет плохо но нет всегда попадаю точьно в цель стильный дизаин  в первую очередь обратил внимание на него купил с оранжевыми бок;1
достоинств очень много но все не перечислить перечислю главные;1
1 wifi;1
 g;1
 bluetooth 1;1
 разьем  мм под наушники;1
 поддерживает многозадачность;1
 динамик орет очееень громко;1
 экран просто супер удобно смотреть фильмы;1
 акселерометр;1
 камера отличная порадовала функция фотографирования текста;1
1 gps пользуюсь яндекс картами;1
и достоинств у этого телефона еще очень много все не перечислить;1
1 экран яркий на солнце при максимальной яркости видимость также хороша хорошие углы обзора почти все 1 зернистость не заметна не царапается;1
 интерфейс заточен под пальцы;1
 функциональность;1
на днях решила сделать себе подарок и из того что сейчас предлагается на рынке телефонов выбрала именно samsung gts ни разу не разочаровалась сейчас изучаю его и всё пока устраивает чувствительный экран  сенсор бесподобный наличие всяческих;1
интересный дизайн wifi легко находит соединяет и работает неплохая фотокамера удобный интерфейс;1
1стильно выглядит  неплохой динамик  шустрый  удобные виджеты  камера вполне приличная для телефона за ;1
стильный компактный многофункционален;1
удобный корпус телефона хорошая сборка и неплохой для своего времени экран долго держит заряд  разъем для наушников;1
1 большой сенсорный диплей;1
 экран ёмкостный  гораздо лучше реагирует на касания;1
 молниеносная реакция телефона на все действия совершаемые на нём;1
 wi fi на работе так вообще кайфую;1
 g фронтальная камера для совершения видеовызовов;1
 дизайн даже самый придирчивый человек не скажет что телефон не красив;1
есть разные цветовые решения;1
 gps и хоть для его оффлайн работы нужно обойти не один форум работает отменно один раз меня уже спас помог спокойно дойти до метро;1
 удобный браузер впервые я вижу в телефоне нормальный интернет браузер;1
 для того чтобы сменить сим не надо снимать аккумулятор мелочь а приятно;1
1 интеллектуальная разблокировка очень удобно;1
11 функция ложный вызов тоже мелочь но вполне может выручить в нередких ситуациях;1
1 качество ничего не шатается не скрипит не отваливается собран идеально;1
1 много софта большинство игр софта виджетов идёт от самсунга стар;1
1 отличная камера;1
надёжный крепкий красивый ;1
хороший телефон лучше сразу в комментарии;1
удобный простой в использовании кнопки очень удобные практически нет случайных нажатий и тд так же во время разговора нет случайных сбрасываний и не нужных нажатий динамик неплохой заряд держит нормально;1
с долгим использованием телефона могу назвать не так много плюсов как те кто пользуется им пару месяцев;1
да и расписали их достаточно из всего могу отметить батарею она держит  дня при довольно активном использовании спустя год отличный дизайн телефон очень удобный можно установить кучу полезных программ ничего не тормозит gps  любимая вещь и зв;1
удобный компактыный есть wifi ggps акселерометр датчик движения и много уже написанного;1
хороший сенсор;1
gps wifi g;1
за такую цену телефон просто супер аналога пока нет;1
1 цена;1
 сборка;1
 g;1
 wifi;1
 камера ;1
 неплохое звучание;1
очень много функцииоптимальное соотношение цены и качестваналичие gps навигатора несомненный плюса также вайфая достойно работающегосенсорный дисплей намного лучше чем у нокиасделан на подобие как у айфонав случае царипин сенсору ничего не будет;1
о достоинствах говорить не буду  другие скажут;1
красивый стильный дизайн;1
большой яркий экран;1
качество сборки и материалов сразу после покупки летал на асфальт – развалился весь думала кранты пришли а нет только по контуру обрамления экрана зазубрины появились не очень заметные и все после почти года использования поцарапалась только задн;1
1 wifi;1
 хороший нормального размера экран;1
 поддержка карт памяти;1
 поддержка flash youtube и проч;1
 режим панорамной съёмки автоматически склеивает последовательность кадров;1
наличие вайфая;1
класня модель за свои деньгимного приложенийшустрый экранхорош в нетехорошая камераработающий автофокус;1
 динамикаорут громкоотличные наушники;1
быстро реагирующий сенсоротличное  звучание  как внаушниках так и без  нихотличный  дизайн  телефона;1
достоинств много все их описывать очень долго поэтому не буду а про недостатки сказать можно;1
хороший яркий экран чёткое изображение хороший аккумулятор я несколько раз его ронял и все хорошо экран не царапается;1
хорошее качество сборки многозадачность удобно лежит в руке не царапкий экран;1
gps работает великолепнохороший звук и громкость динамиказадняя панель не сильно царапаетсятем более сравнить с самсунг старто монте выигрываеточень хороший сенсорпросто летаетя в восторгеотличные цветовые гаммыпри хорошем освещенииочень;1
удобный телефон не сильно царапается есть всё что нужно wifi bluetooth gps и тд;1
приятный дизайн лежит в руке приятно за такую цену присутствие wifi купил за  приятное вибрирование;1
1  хороший сенсор;1
  возможность настроить меню под себя;1
  приятно порадовал будильник выключатся переворотом телефона;1
  цена;1
отличный дизайнесть все необходимые функции;1
стильный яркий и удобный в использовании тач скрин wifi gps  jack очень хорошая фишка  функция отправляющая смс по заданному пользователем номеру что помогает бороться с бегством телефона запись с радио тоже радует;1
                                     ;-1
     ;-1
      ;-1
                                                             ;-1
                                              ;-1
                      z compact    ;-1
                               ;-1
                ;-1
                                                   ;-1
               ;-1
     ;-1
         ;-1
   qi                microusb             ;-1
               ;-1
      z compact          ;-1
        ;-1
              id              sony                    ;-1
   sony         ;-1
                                     sony     ;-1
                                                      ;-1
                                          ;-1
;-1
 ;-1
                       ;-1
            ;-1
      ;-1
                                                   ;-1
            ;-1
             ;-1
    ;-1
        ;-1
     ;-1
          ;-1
    ;-1
                              ;-1
                              ;-1
               stamina     ;-1
   too much                                                        ;-1
 ;-1
   ;-1
      ;-1
                ;-1
                                                              ;-1
                                       ;-1
        style cover scr              z          ;-1
                       ;-1
     ;-1
                                       ;-1
    usb           ;-1
  ;-1
   ;-1
   ;-1
    ;-1
           ;-1
                                 ;-1
                                     ;-1
      ;-1
       j k     xperia s     ;-1
           ;-1
           ;-1
         z compact       z;-1
         ;-1
 ;-1
     ;-1
 z              ;-1
                       ;-1
                 ;-1
sony        ;-1
   ;-1
   z              ;-1
 z       ;-1
   z      z    ;-1
 ;-1
;-1
        ;-1
                                                        ;-1
                               sony    ;-1
      sof         ;-1
         ;-1
          ;-1
                                                    ;-1
                          ;-1
       ;-1
      ;-1
            ;-1
   z                   z       ;-1
     z compact                                                      ;-1
upd                                                                        xperia z;-1
                         ;-1
         ;-1
               ;-1
               ;-1
         ;-1
                  ;-1
               ;-1
                     ;-1
          ;-1
                                                  ;-1
                   ;-1
     ;-1
               ;-1
      ;-1
                          ;-1
               ;-1
              ;-1
          ;-1
     ;-1
                                      ;-1
      ;-1
             ;-1
         ;-1
                     ;-1
                 ;-1
               ;-1
                iphone s               ;-1
          ;-1
    iphone           sony           ;-1
                                      ;-1
                   ;-1
                           ;-1
                 ;-1
                 ;-1
     z        ;-1
          ;-1
          ;-1
                          ;-1
            ;-1
            ;-1
  jack           ;-1
                  ;-1
  wifi   gsm     ;-1
 ;-1
 sony     ;-1
     ;-1
                                       ;-1
                              ;-1
               ;-1
                ;-1
                                                                  ;-1
                 sony                             usb          ;-1
                                     ;-1
         sony                 ;-1
          ebay        usb      ;-1
                  sony                             ;-1
    ;-1
        ;-1
     xperia v            ;-1
          ?;-1
            wifi   ;-1
        baidu    ;-1
              scr     ;-1
             ;-1
                              sony;-1
   ;-1
               ;-1
                      z compact                                      ;-1
    ;-1
        ;-1
   usb      ;-1
            ;-1
                b      ;-1
                      ;-1
             ;-1
                         ;-1
                   ;-1
            clean master ;-1
                                                    ;-1
                                         ;-1
            ;-1
         ;-1
                       ;-1
  ;-1
   ;-1
      ;-1
                 ;-1
                       ;-1
         ;-1
                        ;-1
             honor    imx                                          ;-1
           ;-1
                         sony ericsson xperia neo                          ;-1
                     ;-1
             ;-1
              ;-1
      ;-1
 ;-1
    sony;-1
                              ;-1
              ;-1
     ;-1
       ;-1
         ;-1
                              ;-1
   ;-1
                             ;-1
                                         ;-1
                                             ;-1
                   ;-1
                                   ;-1
         sony         ;-1
    ;-1
     ;-1
                s            ;-1
 ;-1
          window     ;-1
                   ;-1
    ;-1
            ;-1
            ;-1
 ;-1
         ;-1
    ;-1
     jack ;-1
          ;-1
 ;-1
      ;-1
  ;-1
              ;-1
                  ;-1
         ;-1
                                 ;-1
                 ;-1
                   ;-1
      ;-1
    ?              ;-1
                       ;-1
   ;-1
       usb                          ;-1
             ;-1
     wifi          ;-1
                ;-1
                           ;-1
;-1
    ;-1
 ;-1
        ;-1
                        ;-1
                                                   ;-1
 ;-1
   ;-1
   ;-1
         ;-1
          ;-1
        ;-1
  ;-1
                                 ;-1
                            ;-1
                ?                   ? ;-1
            ;-1
                     ;-1
                                     ;-1
  ;-1
                                                       ;-1
                               ;-1
 z         ;-1
   ;-1
                 ;-1
 ;-1
 ;-1
 ;-1
         ;-1
  ;-1
      ;-1
   ;-1
      ;-1
                      usb                                                     micrisd                             sony;-1
                           ;-1
     g;-1
                        ;-1
        ;-1
                  ;-1
 ;-1
                                     sony;-1
            ;-1
                ;-1
   ;-1
    ;-1
 ;-1
                                                               ;-1
                       ;-1
    ;-1
    ;-1
        ;-1
   usb;-1
      ;-1
 ;-1
       z    z             ;-1
    ;-1
                                   ;-1
                                               ;-1
;-1
                                                        sony;-1
                              ;-1
           ;-1
;-1
sony    ;-1
 ;-1
                                                     htc sensation xe    beats                           ;-1
           nokia n                        ;-1
                                                    ?;-1
                             ;-1
  s                    ;-1
                 ;-1
           ;-1
               ;-1
                ;-1
            ;-1
   ;-1
nanosim;-1
        ;-1
         ;-1
  ;-1
 ;-1
     ;-1
                 ;-1
   ;-1
;-1
;-1
             usb    ;-1
                                                              ;-1
       ;-1
     ;-1
    ;-1
   ;-1
                                ;-1
                           ;-1
;-1
 ;-1
                                                 ;-1
         android ;-1
        usb  ;-1
               ;-1
                                                                             iphone   ;-1
;-1
;-1
                                                        ?                         ;-1
      ;-1
              ?                    ?                                                            whats news                                http            ;-1
  ;-1
;-1
                 ;-1
                                                                htc     ;-1
             ;-1
     ;-1
                 ;-1
       ;-1
     ;-1
 ;-1
     ;-1
  ;-1
                     g        g                   sony                    ;-1
        ?;-1
           ;-1
     ;-1
  ;-1
                      ;-1
 ;-1
                                                           ;-1
         ;-1
                     ;-1
                                                           ;-1
     ;-1
                             ;-1
                            ;-1
    xperia lounge;-1
                    ;-1
;-1
         ;-1
         ;-1
                                             ;-1
             ;-1
              ;-1
                  ;-1
               upd        android   ;-1
           ;-1
                                       ;-1
              ;-1
              ;-1
        ;-1
;-1
 ;-1
 ;-1
          ;-1
                      ;-1
  ;-1
 ;-1
             ;-1
         ;-1
         ;-1
                 miui             ;-1
 ;-1
            ;-1
              wednesday  january;-1
 ;-1
 ;-1
                                                                       ;-1
                       ;-1
            ;-1
    ;-1
 ;-1
  ;-1
   ;-1
   ;-1
g   g       ;-1
    ;-1
      ;-1
                    ;-1
           ;-1
  d                      ;-1
                  aida;-1
    mah   ;-1
      ;-1
                                               note     ;-1
  ;-1
  ;-1
                                ;-1
   ;-1
;-1
            ;-1
    ;-1
    ;-1
           ;-1
   ;-1
   ;-1
      micom         ;-1
           ;-1
          ;-1
      xiaomi                                ;-1
  ;-1
                                  ;-1
     ;-1
   ;-1
     ;-1
microusb   typec;-1
              ;-1
           ;-1
      wifi;-1
     iphone s                                                                ;-1
;-1
                   ;-1
;-1
                        ;-1
                                ;-1
        google nexus        ;-1
    bluetooth     iphone             ;-1
   miui              mi  ;-1
              thlts    redmi note               ;-1
                                                               ;-1
        ;-1
          ;-1
   ;-1
     ;-1
  nfc;-1
 ;-1
    slow motion      ;-1
     usb           sim;-1
      aux                 ;-1
 miui                                                                ;-1
 vr                               ;-1
 ;-1
   ;-1
;-1
       ;-1
     ;-1
 ;-1
                                   ;-1
             ;-1
         ;-1
                    ;-1
   ;-1
  jack       ;-1
        ;-1
           ;-1
         ;-1
root          ;-1
  ;-1
 ;-1
                               ;-1
               ;-1
             ;-1
                                                                           ;-1
                                                        ;-1
          sgs ;-1
    ;-1
 ;-1
   ;-1
                     ;-1
       aux      soundabout                   ;-1
         ;-1
                     ??           lineage os          ??  ;-1
                ;-1
 nfc                          ;-1
       ;-1
                                   ;-1
                   sony  iphone       xiaomi note      ;-1
 ;-1
     xiaomi note  pro rf                                    ;-1
                            ;-1
                                  ;-1
                      ;-1
                                xiaomi       miui ;-1
          ;-1
                                                         ;-1
  nfc           nfc      ;-1
                                   ;-1
        ;-1
     ;-1
          ;-1
 ;-1
;-1
     wifi;-1
       ;-1
  ;-1
    ;-1
     ;-1
                      miui             miui;-1
  ;-1
        ;-1
                       ;-1
              ;-1
 ;-1
 ;-1
                                              ;-1
      ;-1
  ;-1
    ;-1
 ;-1
 ;-1
 ;-1
            ;-1
;-1
                      miui                              ;-1
           ;-1
     ;-1
 ;-1
 ;-1
    ;-1
 ;-1
  ;-1
            ;-1
 ;-1
   ;-1
        ;-1
           ;-1
            xiaomi   ;-1
                note   ;-1
     ;-1
                  ;-1
 ;-1
 ;-1
                                               ;-1
        ;-1
                         ;-1
                      ;-1
                            ;-1
          ;-1
;-1
               ;-1
                   redmi     ;-1
   ;-1
    ;-1
              ;-1
                   ;-1
             ;-1
            chrome;-1
      ;-1
                                                        ips          ;-1
  ;-1
                                     ;-1
 ;-1
                                    root                                ;-1
    ;-1
   nfc;-1
    ;-1
        ;-1
  ;-1
         ;-1
    simtfcard              ;-1
                                            ;-1
           ;-1
                windows xp;-1
           ;-1
       ;-1
                  ;-1
                       ;-1
    ;-1
                                                            ;-1
      ram                        ;-1
             ;-1
     ;-1
                                  ;-1
          sony samsung  asus                              ;-1
                   ;-1
         ;-1
;-1
      ;-1
                                                           ;-1
                ;-1
             ;-1
            ;-1
          se k                               ;-1
                                           ;-1
                            ;-1
                ;-1
          ;-1
                      ;-1
                                                      ;-1
     java     ;-1
          ;-1
       microsoft outlook            ;-1
    usb             ;-1
                                        ;-1
                           wap  pda       ;-1
                        ;-1
                               ;-1
                 ;-1
                                                  ;-1
                          ;-1
                             opera            ;-1
                                    nokia  se                    qwerty     gps         ;-1
  ;-1
                                     ;-1
     opera mini       g      gsm         ;-1
                          ;-1
   ;-1
gps                        ;-1
                               ;-1
           gps                              ;-1
           ;-1
                                                                                  ;-1
      ;-1
        lg gd                   ;-1
         ;-1
              qwerty                                   ;-1
            ???       ;-1
               ;-1
agps           gps   ;-1
                     ;-1
            ;-1
   ;-1
gps           gif      ;-1
   qwerty  ;-1
   jeequ ;-1
       ;-1
          ;-1
                          ;-1
                                                  ;-1
 ;-1
gps       ;-1
        tequilacat         wifi    gps       \         googlemaps     yandex ;-1
  ;-1
                    ;-1
      ;-1
 ;-1
    ddd;-1
   dd;-1
;-1
                                                    microsd               ;-1
                                   ;-1
 gps                          ;-1
                    ;-1
   qwerty                      ;-1
                                  ;-1
                ;-1
         gps       ;-1
 web                      ;-1
                              sms                                                                                     ;-1
                    ;-1
   se     ;-1
 gps            ;-1
     ;-1
                               ;-1
 ;-1
   ;-1
           qwerty         skype mobile                      ;-1
                                                                                ;-1
   ;-1
                       ;-1
  ;-1
    ;-1
   ;-1
          ;-1
           sim;-1
;-1
                              ;-1
           ;-1
                                                                                  ;-1
 ;-1
 ;-1
    ;-1
      ;-1
                                          ;-1
   ;-1
                                                  ;-1
             samsung apps                                      java  ;-1
                     ;-1
  ;-1
              ;-1
                                        ;-1
              ;-1
         ;-1
      agps   google maps                       gps          waiting for gps     gps     google maps          waiting                             ;-1
            ypt  ypp;-1
        ogg  wav      wav   ;-1
             ;-1
         ;-1
                                                                                                                                                   ;-1
                 qwerty ;-1
          ;-1
   gps                        monte       java                  ;-1
                      ;-1
                                              gps       ;-1
        ;-1
  ;-1
      ;-1
           ;-1
         ;-1
            ;-1
    ;-1
                         ;-1
   ;-1
               ;-1
     ;-1
        ;-1
                     walkman     eq                          ;-1
         se w                               ;-1
      x      ;-1
